sensor_id,test_file,n_samples,n_anomalies,n_predicted_anomalies,TP,FP,TN,FN,accuracy,precision,recall,f1_score,specificity,roc_auc,pr_auc,recon_error_mean,recon_error_std,recon_error_min,recon_error_max,threshold
c1_test_c02m042e02_2023_b1,1. Datasets/Test Sets/C3/c1_test_c02m042e02_2023_b1.csv,10632,734,654,530,124,9774,204,0.9691497366440933,0.8103975535168195,0.7220708446866485,0.7636887608069164,0.9874722166094161,0.9854864990753092,0.7162907418342394,0.2384122813461311,1.3946494089430386,0.007004473617808813,29.231534415573087,0.5270206585682065
c2_test_c06m136e02_2023_b1,1. Datasets/Test Sets/C3/c2_test_c06m136e02_2023_b1.csv,10632,490,815,467,348,9794,23,0.9651053423626788,0.5730061349693252,0.9530612244897959,0.7157088122605364,0.9656872411753106,0.9807104423311427,0.5878837677853269,0.3635479678433961,2.2209275811194678,0.009053766604210107,42.435239084214686,0.5270206585682065
c3_test_c03m096e01_2023_bl,1. Datasets/Test Sets/C3/c3_test_c03m096e01_2023_bl.csv,10632,652,502,424,78,9902,228,0.9712189616252822,0.8446215139442231,0.6503067484662577,0.7348353552859619,0.992184368737475,0.9891831208429129,0.7834881027186195,0.18828851012693992,0.9987249409799597,0.009591166351429184,21.265384867655325,0.5270206585682065
c3_test_c08m017e01_2023_b2,1. Datasets/Test Sets/C3/c3_test_c08m017e01_2023_b2.csv,10632,582,568,470,98,9952,112,0.9802483069977427,0.8274647887323944,0.8075601374570447,0.8173913043478261,0.9902487562189055,0.9878311193175019,0.6835159035806259,0.16276504679897386,0.8438881760719378,0.008813623274092873,18.885241133381207,0.5270206585682065
c3_test_c08m046e01_2023_b1,1. Datasets/Test Sets/C3/c3_test_c08m046e01_2023_b1.csv,10632,498,523,446,77,10057,52,0.9878668171557562,0.8527724665391969,0.8955823293172691,0.8736532810969637,0.9924018156700217,0.9882999533163243,0.7486299681584971,0.2468811293749998,1.9285327251741518,0.005710741792464428,39.99656256635954,0.5270206585682065
c4_test_c01m129e02_2023_b1,1. Datasets/Test Sets/C3/c4_test_c01m129e02_2023_b1.csv,10632,593,489,392,97,9942,201,0.9719714070729872,0.8016359918200409,0.6610455311973018,0.7245841035120147,0.990337683036159,0.9827329401842091,0.6599164250879371,0.20344965078677885,1.1441361220648913,0.005370834600965852,23.405345527273138,0.5270206585682065
