sensor_id,test_file,n_samples,n_anomalies,n_predicted_anomalies,TP,FP,TN,FN,accuracy,precision,recall,f1_score,specificity,roc_auc,pr_auc,recon_error_mean,recon_error_std,recon_error_min,recon_error_max,threshold
c1_test_c02m042e02_2023_b1,1. Datasets/Test Sets/C3/c1_test_c02m042e02_2023_b1.csv,10632,734,697,595,102,9796,139,0.9773325808878857,0.8536585365853658,0.8106267029972752,0.8315863032844165,0.9896948878561326,0.9879072396757553,0.7518027404426604,0.36943093077402905,1.7176493066367124,0.013009499975246057,26.056253834460872,1.1303477784012013
c2_test_c06m136e02_2023_b1,1. Datasets/Test Sets/C3/c2_test_c06m136e02_2023_b1.csv,10632,490,788,441,347,9795,49,0.9627539503386005,0.5596446700507615,0.9,0.6901408450704225,0.9657858410569907,0.9817879981809328,0.6097029433517894,0.5292681418955856,2.622197352657851,0.01521782755879665,50.05336269518748,1.1303477784012013
c3_test_c03m096e01_2023_bl,1. Datasets/Test Sets/C3/c3_test_c03m096e01_2023_bl.csv,10632,652,512,434,78,9902,218,0.9721595184349134,0.84765625,0.6656441717791411,0.7457044673539519,0.992184368737475,0.9896403235919692,0.7923384745265462,0.29849645957496757,1.3149598975758265,0.016868268275499244,20.33612190088573,1.1303477784012013
c3_test_c08m017e01_2023_b2,1. Datasets/Test Sets/C3/c3_test_c08m017e01_2023_b2.csv,10632,582,591,498,93,9957,84,0.983352144469526,0.8426395939086294,0.8556701030927835,0.8491048593350383,0.9907462686567164,0.9879261766767536,0.6943501593683271,0.2584857403554448,1.0585035429146559,0.015083149732999606,19.37317689704732,1.1303477784012013
c3_test_c08m046e01_2023_b1,1. Datasets/Test Sets/C3/c3_test_c08m046e01_2023_b1.csv,10632,498,523,447,76,10058,51,0.9880549285176825,0.8546845124282982,0.8975903614457831,0.8756121449559255,0.9925004933885928,0.9892443268237743,0.7655628379903082,0.35534751278874505,2.191758297100466,0.013044190826570982,43.43154774724939,1.1303477784012013
c4_test_c01m129e02_2023_b1,1. Datasets/Test Sets/C3/c4_test_c01m129e02_2023_b1.csv,10632,593,556,478,78,9961,115,0.9818472535741158,0.8597122302158273,0.806070826306914,0.8320278503046127,0.9922303018228907,0.9884989854911546,0.7215534719430574,0.3320980246160242,1.555397637191739,0.014444185439945141,23.981581367459263,1.1303477784012013
