sensor_id,test_file,n_samples,n_anomalies,n_predicted_anomalies,TP,FP,TN,FN,accuracy,precision,recall,f1_score,specificity,roc_auc,pr_auc,recon_error_mean,recon_error_std,recon_error_min,recon_error_max,threshold
c1_test_c02m042e02_2023_b1,1. Datasets/Test Sets/C4/c1_test_c02m042e02_2023_b1.csv,10632,734,833,731,102,9796,3,0.9901241534988713,0.8775510204081632,0.9959128065395095,0.9329929802169751,0.9896948878561326,0.9886933231220024,0.7471871774947367,0.638232124530898,3.0130778683981467,0.010691640599776528,41.46754784878377,1.7759606221983917
c2_test_c06m136e02_2023_b1,1. Datasets/Test Sets/C4/c2_test_c06m136e02_2023_b1.csv,10632,490,794,487,307,9835,3,0.9708427389014297,0.6133501259445844,0.9938775510204082,0.7585669781931464,0.9697298363241964,0.9880581457587965,0.6712611717808107,0.8855982316178148,4.40011270796181,0.017204955204203957,68.31253806184469,1.7759606221983917
c3_test_c08m046e01_2023_b1,1. Datasets/Test Sets/C4/c3_test_c08m046e01_2023_b1.csv,10632,498,583,475,108,10026,23,0.98767870579383,0.8147512864493996,0.9538152610441767,0.8788159111933395,0.9893428063943162,0.985504084623475,0.763146471020119,0.705341440190545,3.8399387046986,0.017668229878364985,62.14566810267575,1.7759606221983917
c4_test_c01m080e01_2023_bl,1. Datasets/Test Sets/C4/c4_test_c01m080e01_2023_bl.csv,10632,495,569,492,77,10060,3,0.9924755455229496,0.8646748681898067,0.9939393939393939,0.924812030075188,0.992404064318832,0.9903864530677197,0.7591138351476787,0.39693841328296736,1.7282497917077118,0.00513191580595024,21.95731473290349,1.7759606221983917
c4_test_c01m129e02_2023_b1,1. Datasets/Test Sets/C4/c4_test_c01m129e02_2023_b1.csv,10632,593,670,590,80,9959,3,0.9921933784800602,0.8805970149253731,0.9949409780775716,0.934283452098179,0.9920310787927085,0.9893178828538346,0.7217804904682216,0.5515406505977132,2.7676025938523927,0.011480953552341355,47.38882951250462,1.7759606221983917
c4_test_c03m093e04_2023_b2,1. Datasets/Test Sets/C4/c4_test_c03m093e04_2023_b2.csv,10632,763,860,759,101,9768,4,0.9901241534988713,0.8825581395348837,0.9947575360419397,0.9353049907578558,0.9897659337318877,0.9909672542548539,0.7786160736370662,0.5196268815838951,2.5952731487480216,0.010730473232353134,44.86087012305954,1.7759606221983917
