sensor_id,test_file,n_samples,n_anomalies,n_predicted_anomalies,TP,FP,TN,FN,accuracy,precision,recall,f1_score,specificity,roc_auc,pr_auc,recon_error_mean,recon_error_std,recon_error_min,recon_error_max,threshold
c1_test_c02m042e02_2023_b1,1. Datasets/Test Sets/C4/c1_test_c02m042e02_2023_b1.csv,10632,734,819,731,88,9810,3,0.9914409330323551,0.8925518925518926,0.9959128065395095,0.9414037347070187,0.9911093150131339,0.9894031519317199,0.7693054267442369,0.4003332392644892,2.5225175619844666,0.0034726960274407267,37.23450711331233,1.1482391446371583
c2_test_c06m136e02_2023_b1,1. Datasets/Test Sets/C4/c2_test_c06m136e02_2023_b1.csv,10632,490,686,487,199,9943,3,0.9810007524454477,0.7099125364431487,0.9938775510204082,0.8282312925170068,0.9803786235456518,0.9840209836646155,0.6251094500646294,0.5936514673311724,3.9158716486181735,0.004713264188515886,65.66551805207737,1.1482391446371583
c3_test_c08m046e01_2023_b1,1. Datasets/Test Sets/C4/c3_test_c08m046e01_2023_b1.csv,10632,498,549,473,76,10058,25,0.9905003762227238,0.8615664845173042,0.9497991967871486,0.9035339063992359,0.9925004933885928,0.9845605037081422,0.7489465495845203,0.42268585466296116,3.327195767090521,0.004195828859605964,57.74118766960462,1.1482391446371583
c4_test_c01m080e01_2023_bl,1. Datasets/Test Sets/C4/c4_test_c01m080e01_2023_bl.csv,10632,495,567,492,75,10062,3,0.9926636568848759,0.8677248677248677,0.9939393939393939,0.9265536723163842,0.9926013613495117,0.9906491171954326,0.7510267769021621,0.2376821750607362,1.362035481668148,0.002665274796407663,20.61593432502544,1.1482391446371583
c4_test_c01m129e02_2023_b1,1. Datasets/Test Sets/C4/c4_test_c01m129e02_2023_b1.csv,10632,593,668,590,78,9961,3,0.9923814898419865,0.8832335329341318,0.9949409780775716,0.9357652656621729,0.9922303018228907,0.9896279719885028,0.7212974572057356,0.3577623745946132,2.4030565781327966,0.0023551219402218335,43.10266114004291,1.1482391446371583
c4_test_c03m093e04_2023_b2,1. Datasets/Test Sets/C4/c4_test_c03m093e04_2023_b2.csv,10632,763,848,751,97,9772,12,0.9897479307750188,0.8856132075471698,0.9842726081258192,0.9323401613904407,0.9901712432870605,0.9901084282740864,0.7618364148336476,0.3497939206571292,2.31121278478052,0.003057211014053131,44.481329172639754,1.1482391446371583
