sensor_id,test_file,n_samples,n_anomalies,n_predicted_anomalies,TP,FP,TN,FN,accuracy,precision,recall,f1_score,specificity,roc_auc,pr_auc,recon_error_mean,recon_error_std,recon_error_min,recon_error_max,threshold
c1_test_c02m042e02_2023_b1,1. Datasets/Test Sets/C2/c1_test_c02m042e02_2023_b1.csv,10632,734,2412,731,1681,8217,3,0.8416102332580888,0.3030679933665008,0.9959128065395095,0.46471710108073744,0.8301677106486158,0.9835852259807532,0.7038851965562253,0.28859670684058814,2.023258778439902,0.002237655686276246,34.76951200648441,0.03814034507058521
c2_test_c05m031e06_2023_bl,1. Datasets/Test Sets/C2/c2_test_c05m031e06_2023_bl.csv,10632,566,4748,566,4182,5884,0,0.6066591422121896,0.11920808761583825,1.0,0.21302220549491907,0.5845420226505067,0.9486628534358743,0.4232670955395856,0.23522731449890813,1.4022526234683403,0.0021888517423648644,28.165669399600418,0.03814034507058521
c2_test_c05m040e13_2023_b2,1. Datasets/Test Sets/C2/c2_test_c05m040e13_2023_b2.csv,10632,664,1645,661,984,8984,3,0.9071670428893905,0.40182370820668695,0.9954819277108434,0.5725422260718926,0.9012841091492777,0.9877464059689804,0.761507438483158,0.2756496310019184,1.6792202138274634,0.0019902326464610797,25.869259842184558,0.03814034507058521
c2_test_c06m136e02_2023_b1,1. Datasets/Test Sets/C2/c2_test_c06m136e02_2023_b1.csv,10632,490,1881,488,1393,8749,2,0.8687923250564334,0.25943646996278574,0.9959183673469387,0.41164065795023197,0.8626503648195623,0.9812209482491477,0.6198494888101462,0.5490450328937216,3.558687937469507,0.002232059018254138,63.348972363375275,0.03814034507058521
c3_test_c08m046e01_2023_b1,1. Datasets/Test Sets/C2/c3_test_c08m046e01_2023_b1.csv,10632,498,7163,497,6666,3468,1,0.3729307750188111,0.06938433617199498,0.9979919678714859,0.129748074663882,0.34221432800473656,0.9372978394731482,0.49218710386529785,0.5158878378499957,3.130711035990446,0.002951522284771484,59.9144985773999,0.03814034507058521
c4_test_c01m129e02_2023_b1,1. Datasets/Test Sets/C2/c4_test_c01m129e02_2023_b1.csv,10632,593,2154,590,1564,8475,3,0.8526147479307751,0.27390900649953576,0.9949409780775716,0.4295595194757918,0.84420759039745,0.9874064504251294,0.6768320919458318,0.2325273464713983,1.787556598150122,0.002020177867996593,35.05959410846383,0.03814034507058521
