sensor_id,test_file,n_samples,n_anomalies,n_predicted_anomalies,TP,FP,TN,FN,accuracy,precision,recall,f1_score,specificity,roc_auc,pr_auc,recon_error_mean,recon_error_std,recon_error_min,recon_error_max,threshold
c1_test_c02m014e04_2023_b2,1. Datasets/Test Sets/C1/c1_test_c02m014e04_2023_b2.csv,10632,732,780,713,67,9833,19,0.9919112114371708,0.9141025641025641,0.9740437158469946,0.9431216931216931,0.9932323232323232,0.9932034829165978,0.8552219487463995,0.38143587890122543,2.3141756037608356,0.010722371137113893,55.43348290427268,1.1374077609704398
c1_test_c02m042e02_2023_b1,1. Datasets/Test Sets/C1/c1_test_c02m042e02_2023_b1.csv,10632,734,840,731,109,9789,3,0.9894657637321295,0.8702380952380953,0.9959128065395095,0.928843710292249,0.9889876742776318,0.9885770141547325,0.7502105104950402,0.43185808551240756,2.1223886793718734,0.006779922826502396,29.601459100367077,1.1374077609704398
c1_test_c04m072e01_2023_bl,1. Datasets/Test Sets/C1/c1_test_c04m072e01_2023_bl.csv,10632,538,649,535,114,9980,3,0.9889954853273137,0.8243451463790447,0.9944237918215614,0.9014321819713563,0.9887061620764811,0.9900476413902624,0.7168542329542489,0.3880006593126567,1.992225874667507,0.009617694491929712,38.04155652596199,1.1374077609704398
c2_test_c06m136e02_2023_b1,1. Datasets/Test Sets/C1/c2_test_c06m136e02_2023_b1.csv,10632,490,838,487,351,9791,3,0.9667042889390519,0.581145584725537,0.9938775510204082,0.733433734939759,0.9653914415302701,0.9876951372148149,0.6682258622491141,0.6374983653234356,3.3608371362007743,0.010967174063579594,59.59818779668707,1.1374077609704398
c3_test_c08m046e01_2023_b1,1. Datasets/Test Sets/C1/c3_test_c08m046e01_2023_b1.csv,10632,498,559,478,81,10053,20,0.9905003762227238,0.855098389982111,0.9598393574297188,0.9044465468306528,0.9920071047957372,0.9885906364752478,0.7755386151180679,0.45509410581385623,2.848525908320355,0.011078823046515574,53.78538761922179,1.1374077609704398
c4_test_c01m129e02_2023_b1,1. Datasets/Test Sets/C1/c4_test_c01m129e02_2023_b1.csv,10632,593,668,590,78,9961,3,0.9923814898419865,0.8832335329341318,0.9949409780775716,0.9357652656621729,0.9922303018228907,0.9888727386464291,0.7219692335990402,0.38189207211479376,1.9703157568461787,0.0065724810567175515,34.313430677184215,1.1374077609704398
