{
  "feature_mode": "all",
  "feature_names": [
    "temp_value",
    "hour_sin",
    "hour_cos",
    "dow_sin",
    "dow_cos",
    "energy",
    "velocity",
    "acceleration",
    "roll_std",
    "static_sensor_alert",
    "mean",
    "std",
    "range"
  ],
  "n_features": 13,
  "sequence_length": 24,
  "lstm_units": 238,
  "encoding_dim": 124,
  "threshold": 0.5270206585682065,
  "threshold_method": "mu_plus_3sigma",
  "threshold_stats": {
    "mu": 0.056517785821341295,
    "sigma": 0.15683429091562173,
    "n_sigma": 3
  },
  "data_split": {
    "train_samples": 33504,
    "val_samples": 8376,
    "train_ratio": 0.8
  },
  "training": {
    "final_train_loss": 0.06761742383241653,
    "final_val_loss": 0.06463897228240967,
    "best_val_loss": 0.06334134191274643,
    "epochs_trained": 109
  },
  "errors": {
    "train_mean": 0.056517785821341295,
    "train_std": 0.15683429091562173,
    "val_mean": 0.06334133744569988,
    "val_std": 0.30860029318679183
  }
}