sensor_id,test_file,n_samples,n_anomalies,n_predicted_anomalies,TP,FP,TN,FN,accuracy,precision,recall,f1_score,specificity,roc_auc,pr_auc,recon_error_mean,recon_error_std,recon_error_min,recon_error_max,threshold
c1_test_c02m042e02_2023_b1,1. Datasets/Test Sets/C2/c1_test_c02m042e02_2023_b1.csv,10632,734,1068,731,337,9561,3,0.9680210684725358,0.6844569288389513,0.9959128065395095,0.8113207547169812,0.9659527177207516,0.987478341756213,0.7561960328329473,0.5030776700064482,2.4583821320993464,0.012078811969282613,35.06223518994809,0.47623538726898773
c2_test_c05m031e06_2023_bl,1. Datasets/Test Sets/C2/c2_test_c05m031e06_2023_bl.csv,10632,566,1512,559,953,9113,7,0.909706546275395,0.3697089947089947,0.9876325088339223,0.5380173243503369,0.9053248559507252,0.9716758089190846,0.5702087444658256,0.44768386817338046,1.7686261390217393,0.012598628448872003,28.667162869303066,0.47623538726898773
c2_test_c05m040e13_2023_b2,1. Datasets/Test Sets/C2/c2_test_c05m040e13_2023_b2.csv,10632,664,1159,661,498,9470,3,0.9528781038374717,0.5703192407247627,0.9954819277108434,0.7251782775644542,0.9500401284109149,0.9894728643708058,0.7851971124690332,0.5063577144444477,2.133986746889352,0.01118565286040689,28.303319640248528,0.47623538726898773
c2_test_c06m136e02_2023_b1,1. Datasets/Test Sets/C2/c2_test_c06m136e02_2023_b1.csv,10632,490,1302,488,814,9328,2,0.9232505643340858,0.37480798771121354,0.9959183673469387,0.5446428571428571,0.9197396963123644,0.9816596171105002,0.6252721865124944,0.8384612813886789,4.06321595978466,0.014233553281064815,66.06305477065966,0.47623538726898773
c3_test_c08m046e01_2023_b1,1. Datasets/Test Sets/C2/c3_test_c08m046e01_2023_b1.csv,10632,498,2728,487,2241,7893,11,0.7881866064710309,0.17851906158357772,0.9779116465863453,0.3019218846869188,0.7788632326820604,0.9707042101700665,0.6026306975956817,0.8303365193684435,3.5851419322678253,0.019069539687699543,63.595860859633135,0.47623538726898773
c4_test_c01m129e02_2023_b1,1. Datasets/Test Sets/C2/c4_test_c01m129e02_2023_b1.csv,10632,593,940,590,350,9689,3,0.966798344620015,0.6276595744680851,0.9949409780775716,0.7697325505544683,0.9651359697180995,0.988935226814412,0.7118193838034509,0.4145636302889566,2.162935253906441,0.010767672719256738,33.88838081292027,0.47623538726898773
