sensor_id,test_file,n_samples,n_anomalies,n_predicted_anomalies,TP,FP,TN,FN,accuracy,precision,recall,f1_score,specificity,roc_auc,pr_auc,recon_error_mean,recon_error_std,recon_error_min,recon_error_max,threshold
c1_test_c02m014e04_2023_b2,1. Datasets/Test Sets/C1/c1_test_c02m014e04_2023_b2.csv,10632,732,772,710,62,9838,22,0.9920993227990971,0.9196891191709845,0.9699453551912568,0.9441489361702128,0.9937373737373737,0.9937488270684992,0.8637165754840517,0.511848375916399,2.629406411179724,0.01860910878887099,56.10652768223774,1.7267707372205856
c1_test_c02m042e02_2023_b1,1. Datasets/Test Sets/C1/c1_test_c02m042e02_2023_b1.csv,10632,734,831,731,100,9798,3,0.9903122648607976,0.8796630565583634,0.9959128065395095,0.934185303514377,0.9898969488785613,0.9903212357325372,0.7857444039252441,0.5603284715084157,2.4939284811697706,0.012397796830780024,35.6134579769931,1.7267707372205856
c1_test_c04m072e01_2023_bl,1. Datasets/Test Sets/C1/c1_test_c04m072e01_2023_bl.csv,10632,538,624,535,89,10005,3,0.991346877351392,0.8573717948717948,0.9944237918215614,0.9208261617900172,0.991182880919358,0.9900855747792313,0.718553894002429,0.4880580532597353,2.2922667276905497,0.013744859329589368,39.37648648171152,1.7267707372205856
c2_test_c06m136e02_2023_b1,1. Datasets/Test Sets/C1/c2_test_c06m136e02_2023_b1.csv,10632,490,720,487,233,9909,3,0.9778028592927013,0.6763888888888889,0.9938775510204082,0.8049586776859504,0.977026227568527,0.9877858893508104,0.6674435048800986,0.7785240525828412,3.738629797244257,0.015496032202643447,57.94287574418211,1.7267707372205856
c3_test_c08m046e01_2023_b1,1. Datasets/Test Sets/C1/c3_test_c08m046e01_2023_b1.csv,10632,498,547,474,73,10061,24,0.9908765989465764,0.8665447897623401,0.9518072289156626,0.907177033492823,0.9927965265443063,0.9881162700932009,0.775286058680761,0.5891194351574274,3.199047962169717,0.02156824873682689,54.612588038116826,1.7267707372205856
c4_test_c01m129e02_2023_b1,1. Datasets/Test Sets/C1/c4_test_c01m129e02_2023_b1.csv,10632,593,668,590,78,9961,3,0.9923814898419865,0.8832335329341318,0.9949409780775716,0.9357652656621729,0.9922303018228907,0.989078848813405,0.7212328838193097,0.49613990794596613,2.2751576363554005,0.012415993461716264,36.301311180214284,1.7267707372205856
